rank,file,t_sec,score,U,A,D,n_boxes,n_ambiguous,empty,selected
1,frame_0072.jpg,28.8,0.7248,0.4497,1.0,1.0,4,3,False,True
2,frame_0009.jpg,3.6,0.7,0.0,0.0,1.0,0,0,True,True
3,frame_0012.jpg,4.8,0.7,0.0,0.0,1.0,0,0,True,False
4,frame_0017.jpg,6.8,0.7,0.0,0.0,1.0,0,0,True,True
5,frame_0019.jpg,7.6,0.7,0.0,0.0,1.0,0,0,True,False
6,frame_0289.jpg,115.6,0.6693,0.4346,1.0,0.76,3,3,False,True
7,frame_0207.jpg,82.8,0.66,0.0,0.0,0.8,0,0,True,True
8,frame_0031.jpg,12.4,0.6485,0.297,1.0,1.0,6,3,False,True
9,frame_0204.jpg,81.6,0.636,0.0,0.0,0.68,0,0,True,False
10,frame_0212.jpg,84.8,0.62,0.0,0.0,0.6,0,0,True,True
11,frame_0295.jpg,118.0,0.6118,0.5515,0.6667,0.68,2,2,False,True
12,frame_0200.jpg,80.0,0.604,0.0,0.0,0.52,0,0,True,True
13,frame_0284.jpg,113.6,0.6014,0.3788,1.0,0.56,5,3,False,True
14,frame_0199.jpg,79.6,0.596,0.0,0.0,0.48,0,0,True,False
15,frame_0029.jpg,11.6,0.5959,0.3917,0.6667,1.0,2,2,False,False
16,frame_0196.jpg,78.4,0.572,0.0,0.0,0.36,0,0,True,False
17,frame_0129.jpg,51.6,0.5668,0.3816,0.6667,0.88,4,2,False,True
18,frame_0194.jpg,77.6,0.556,0.0,0.0,0.28,0,0,True,True
19,frame_0070.jpg,28.0,0.5334,0.2668,0.6667,1.0,4,2,False,False
20,frame_0008.jpg,3.2,0.5278,0.4556,0.3333,1.0,1,1,False,False
21,frame_0075.jpg,30.0,0.5162,0.2483,0.6667,0.96,4,2,False,False
22,frame_0288.jpg,115.2,0.5161,0.3442,0.6667,0.72,3,2,False,False
23,frame_0374.jpg,149.6,0.5161,0.3522,1.0,0.2,5,3,False,False
24,frame_0180.jpg,72.0,0.516,0.0,0.0,0.08,0,0,True,False
25,frame_0327.jpg,130.8,0.5148,0.4135,1.0,0.04,4,3,False,False
26,frame_0287.jpg,114.8,0.5143,0.3566,0.6667,0.68,4,2,False,False
27,frame_0375.jpg,150.0,0.5055,0.331,1.0,0.2,6,3,False,False
28,frame_0069.jpg,27.6,0.4752,0.3505,0.3333,1.0,3,1,False,False
29,frame_0123.jpg,49.2,0.4751,0.2941,0.6667,0.64,4,2,False,False
30,frame_0111.jpg,44.4,0.4686,0.4732,0.6667,0.16,2,2,False,False
31,frame_0285.jpg,114.0,0.4665,0.2929,0.6667,0.6,3,2,False,False
32,frame_0224.jpg,89.6,0.4422,0.4364,0.6667,0.12,3,2,False,False
33,frame_0232.jpg,92.8,0.4397,0.3993,0.6667,0.2,2,2,False,False
34,frame_0071.jpg,28.4,0.427,0.254,0.3333,1.0,5,1,False,False
35,frame_0000.jpg,0.0,0.4221,0.2442,0.3333,1.0,4,1,False,False
36,frame_0001.jpg,0.4,0.4221,0.2443,0.3333,1.0,4,1,False,False
37,frame_0125.jpg,50.0,0.4221,0.3562,0.3333,0.72,3,1,False,False
38,frame_0315.jpg,126.0,0.4178,0.3875,0.6667,0.12,6,2,False,False
39,frame_0074.jpg,29.6,0.4171,0.2342,0.3333,1.0,5,1,False,False
40,frame_0084.jpg,33.6,0.4171,0.3942,0.3333,0.6,1,1,False,False
41,frame_0281.jpg,112.4,0.4171,0.4583,0.3333,0.44,2,1,False,False
42,frame_0076.jpg,30.4,0.4163,0.2647,0.3333,0.92,3,1,False,False
43,frame_0130.jpg,52.0,0.4145,0.261,0.3333,0.92,3,1,False,False
44,frame_0128.jpg,51.2,0.406,0.276,0.3333,0.84,5,1,False,False
45,frame_0133.jpg,53.2,0.406,0.2121,0.3333,1.0,3,1,False,False
46,frame_0296.jpg,118.4,0.4028,0.3497,0.3333,0.64,2,1,False,False
47,frame_0217.jpg,86.8,0.4013,0.4426,0.3333,0.4,1,1,False,False
48,frame_0294.jpg,117.6,0.3989,0.3098,0.3333,0.72,3,1,False,False
49,frame_0218.jpg,87.2,0.3988,0.4536,0.3333,0.36,1,1,False,False
50,frame_0131.jpg,52.4,0.3961,0.2083,0.3333,0.96,2,1,False,False
51,frame_0068.jpg,27.2,0.3951,0.1902,0.3333,1.0,3,1,False,False
52,frame_0376.jpg,150.4,0.393,0.3219,0.6667,0.16,6,2,False,False
53,frame_0233.jpg,93.2,0.3887,0.2813,0.6667,0.24,3,2,False,False
54,frame_0304.jpg,121.6,0.3807,0.2334,0.6667,0.32,4,2,False,False
55,frame_0127.jpg,50.8,0.3771,0.2342,0.3333,0.8,4,1,False,False
56,frame_0377.jpg,150.8,0.377,0.306,0.6667,0.12,3,2,False,False
57,frame_0112.jpg,44.8,0.3758,0.2715,0.6667,0.2,3,2,False,False
58,frame_0124.jpg,49.6,0.3741,0.2762,0.3333,0.68,3,1,False,False
59,frame_0397.jpg,158.8,0.3718,0.2635,0.6667,0.2,5,2,False,False
60,frame_0276.jpg,110.4,0.3706,0.2451,0.6667,0.24,5,2,False,False
61,frame_0387.jpg,154.8,0.3701,0.2602,0.6667,0.2,6,2,False,False
62,frame_0286.jpg,114.4,0.3688,0.2816,0.3333,0.64,3,1,False,False
63,frame_0126.jpg,50.4,0.3687,0.2334,0.3333,0.76,6,1,False,False
64,frame_0225.jpg,90.0,0.3684,0.3048,0.6667,0.08,4,2,False,False
65,frame_0316.jpg,126.4,0.3683,0.2726,0.6667,0.16,5,2,False,False
66,frame_0230.jpg,92.0,0.3682,0.2884,0.6667,0.12,4,2,False,False
67,frame_0085.jpg,34.0,0.365,0.306,0.3333,0.56,1,1,False,False
68,frame_0329.jpg,131.6,0.3586,0.2851,0.6667,0.08,4,2,False,False
69,frame_0328.jpg,131.2,0.356,0.28,0.6667,0.08,6,2,False,False
70,frame_0290.jpg,116.0,0.3542,0.1884,0.3333,0.8,3,1,False,False
71,frame_0087.jpg,34.8,0.3495,0.307,0.3333,0.48,2,1,False,False
72,frame_0323.jpg,129.2,0.3468,0.4456,0.3333,0.12,1,1,False,False
73,frame_0330.jpg,132.0,0.3459,0.2758,0.6667,0.04,6,2,False,False
74,frame_0372.jpg,148.8,0.34,0.432,0.3333,0.12,1,1,False,False
75,frame_0018.jpg,7.2,0.3371,0.2742,0.0,1.0,1,0,False,False
76,frame_0216.jpg,86.4,0.3368,0.2976,0.3333,0.44,2,1,False,False
77,frame_0106.jpg,42.4,0.3363,0.2565,0.6667,0.04,6,2,False,False
78,frame_0121.jpg,48.4,0.3361,0.2483,0.3333,0.56,3,1,False,False
79,frame_0011.jpg,4.4,0.3266,0.2532,0.0,1.0,1,0,False,False
80,frame_0167.jpg,66.8,0.3253,0.2107,0.3333,0.6,5,1,False,False
81,frame_0299.jpg,119.6,0.3247,0.2414,0.3333,0.52,2,1,False,False
82,frame_0102.jpg,40.8,0.3209,0.3938,0.3333,0.12,1,1,False,False
83,frame_0176.jpg,70.4,0.3186,0.3413,0.3333,0.24,3,1,False,False
84,frame_0028.jpg,11.2,0.3153,0.2306,0.0,1.0,1,0,False,False
85,frame_0006.jpg,2.4,0.3146,0.2292,0.0,1.0,1,0,False,False
86,frame_0302.jpg,120.8,0.3061,0.2522,0.3333,0.4,3,1,False,False
87,frame_0023.jpg,9.2,0.306,0.212,0.0,1.0,1,0,False,False
88,frame_0010.jpg,4.0,0.3036,0.2072,0.0,1.0,1,0,False,False
89,frame_0280.jpg,112.0,0.301,0.242,0.3333,0.4,3,1,False,False
90,frame_0033.jpg,13.2,0.3009,0.2019,0.0,1.0,3,0,False,False
91,frame_0067.jpg,26.8,0.2987,0.1973,0.0,1.0,4,0,False,False
92,frame_0032.jpg,12.8,0.2985,0.197,0.0,1.0,3,0,False,False
93,frame_0223.jpg,89.2,0.2985,0.333,0.3333,0.16,3,1,False,False
94,frame_0132.jpg,52.8,0.2918,0.1837,0.0,1.0,4,0,False,False
95,frame_0115.jpg,46.0,0.2917,0.2555,0.3333,0.32,3,1,False,False
96,frame_0174.jpg,69.6,0.2899,0.2519,0.3333,0.32,3,1,False,False
97,frame_0024.jpg,9.6,0.2891,0.1782,0.0,1.0,1,0,False,False
98,frame_0073.jpg,29.2,0.2882,0.1764,0.0,1.0,5,0,False,False
99,frame_0117.jpg,46.8,0.2853,0.2107,0.3333,0.4,3,1,False,False
100,frame_0398.jpg,159.2,0.2847,0.2735,0.3333,0.24,3,1,False,False
101,frame_0386.jpg,154.4,0.2843,0.2726,0.3333,0.24,3,1,False,False
102,frame_0003.jpg,1.2,0.2842,0.1684,0.0,1.0,3,0,False,False
103,frame_0002.jpg,0.8,0.2837,0.1674,0.0,1.0,3,0,False,False
104,frame_0030.jpg,12.0,0.2791,0.1581,0.0,1.0,4,0,False,False
105,frame_0004.jpg,1.6,0.2777,0.1555,0.0,1.0,2,0,False,False
106,frame_0090.jpg,36.0,0.2759,0.2079,0.3333,0.36,3,1,False,False
107,frame_0271.jpg,108.4,0.2759,0.3359,0.3333,0.04,2,1,False,False
108,frame_0007.jpg,2.8,0.2741,0.1482,0.0,1.0,1,0,False,False
109,frame_0173.jpg,69.2,0.2737,0.2034,0.3333,0.36,5,1,False,False
110,frame_0277.jpg,110.8,0.2723,0.2326,0.3333,0.28,4,1,False,False
111,frame_0219.jpg,87.6,0.2713,0.2147,0.3333,0.32,3,1,False,False
112,frame_0005.jpg,2.0,0.2711,0.1422,0.0,1.0,1,0,False,False
113,frame_0015.jpg,6.0,0.27,0.1399,0.0,1.0,2,0,False,False
114,frame_0399.jpg,159.6,0.2696,0.2273,0.3333,0.28,3,1,False,False
115,frame_0020.jpg,8.0,0.2685,0.1369,0.0,1.0,2,0,False,False
116,frame_0220.jpg,88.0,0.2673,0.2226,0.3333,0.28,3,1,False,False
117,frame_0269.jpg,107.6,0.2671,0.3183,0.3333,0.04,2,1,False,False
118,frame_0320.jpg,128.0,0.2671,0.2382,0.3333,0.24,5,1,False,False
119,frame_0078.jpg,31.2,0.266,0.196,0.0,0.84,1,0,False,False
120,frame_0292.jpg,116.8,0.2648,0.2095,0.0,0.8,3,0,False,False
121,frame_0021.jpg,8.4,0.2639,0.1278,0.0,1.0,1,0,False,False
122,frame_0306.jpg,122.4,0.2638,0.2317,0.3333,0.24,4,1,False,False
123,frame_0014.jpg,5.6,0.2637,0.1274,0.0,1.0,2,0,False,False
124,frame_0209.jpg,83.6,0.2617,0.2355,0.0,0.72,2,0,False,False
125,frame_0291.jpg,116.4,0.2614,0.1868,0.0,0.84,5,0,False,False
126,frame_0077.jpg,30.8,0.2611,0.1702,0.0,0.88,5,0,False,False
127,frame_0373.jpg,149.2,0.2608,0.2577,0.3333,0.16,3,1,False,False
128,frame_0318.jpg,127.2,0.2606,0.2252,0.3333,0.24,5,1,False,False
129,frame_0025.jpg,10.0,0.2605,0.121,0.0,1.0,1,0,False,False
130,frame_0317.jpg,126.8,0.2598,0.2396,0.3333,0.2,4,1,False,False
131,frame_0177.jpg,70.8,0.2574,0.2349,0.3333,0.2,4,1,False,False
132,frame_0027.jpg,10.8,0.2573,0.1146,0.0,1.0,1,0,False,False
133,frame_0016.jpg,6.4,0.2559,0.1117,0.0,1.0,2,0,False,False
134,frame_0079.jpg,31.6,0.2553,0.1905,0.0,0.8,2,0,False,False
135,frame_0101.jpg,40.4,0.2532,0.2744,0.3333,0.08,2,1,False,False
136,frame_0022.jpg,8.8,0.2528,0.1055,0.0,1.0,2,0,False,False
137,frame_0013.jpg,5.2,0.2516,0.1032,0.0,1.0,1,0,False,False
138,frame_0104.jpg,41.6,0.2503,0.2527,0.3333,0.12,2,1,False,False
139,frame_0026.jpg,10.4,0.25,0.1,0.0,1.0,1,0,False,False
140,frame_0391.jpg,156.4,0.248,0.2801,0.3333,0.04,3,1,False,False
141,frame_0211.jpg,84.4,0.2469,0.2378,0.0,0.64,1,0,False,False
142,frame_0393.jpg,157.2,0.2467,0.2774,0.3333,0.04,2,1,False,False
143,frame_0097.jpg,38.8,0.2466,0.2613,0.3333,0.08,2,1,False,False
144,frame_0324.jpg,129.6,0.2463,0.2606,0.3333,0.08,2,1,False,False
145,frame_0114.jpg,45.6,0.2461,0.1803,0.3333,0.28,3,1,False,False
146,frame_0388.jpg,155.2,0.2434,0.2228,0.3333,0.16,4,1,False,False
147,frame_0178.jpg,71.2,0.2421,0.2203,0.3333,0.16,3,1,False,False
148,frame_0183.jpg,73.2,0.2418,0.2677,0.3333,0.04,4,1,False,False
149,frame_0395.jpg,158.0,0.2401,0.2322,0.3333,0.12,4,1,False,False
150,frame_0184.jpg,73.6,0.2387,0.2455,0.3333,0.08,3,1,False,False
151,frame_0394.jpg,157.6,0.238,0.244,0.3333,0.08,2,1,False,False
152,frame_0210.jpg,84.0,0.2375,0.203,0.0,0.68,2,0,False,False
153,frame_0226.jpg,90.4,0.2363,0.2566,0.3333,0.04,3,1,False,False
154,frame_0293.jpg,117.2,0.2342,0.1643,0.0,0.76,3,0,False,False
155,frame_0083.jpg,33.2,0.2308,0.2055,0.0,0.64,2,0,False,False
156,frame_0203.jpg,81.2,0.2273,0.1985,0.0,0.64,2,0,False,False
157,frame_0332.jpg,132.8,0.2232,0.2305,0.3333,0.04,5,1,False,False
158,frame_0081.jpg,32.4,0.2211,0.1542,0.0,0.72,1,0,False,False
159,frame_0206.jpg,82.4,0.2171,0.1301,0.0,0.76,2,0,False,False
160,frame_0205.jpg,82.0,0.2166,0.1452,0.0,0.72,1,0,False,False
161,frame_0333.jpg,133.2,0.2153,0.1986,0.3333,0.08,5,1,False,False
162,frame_0208.jpg,83.2,0.2132,0.1224,0.0,0.76,2,0,False,False
163,frame_0297.jpg,118.8,0.2111,0.1822,0.0,0.6,3,0,False,False
164,frame_0080.jpg,32.0,0.2056,0.1072,0.0,0.76,3,0,False,False
165,frame_0313.jpg,125.2,0.2041,0.1923,0.3333,0.04,3,1,False,False
166,frame_0118.jpg,47.2,0.2036,0.2312,0.0,0.44,1,0,False,False
167,frame_0283.jpg,113.2,0.2025,0.1969,0.0,0.52,5,0,False,False
168,frame_0298.jpg,119.2,0.2016,0.1793,0.0,0.56,5,0,False,False
169,frame_0122.jpg,48.8,0.1989,0.1578,0.0,0.6,3,0,False,False
170,frame_0202.jpg,80.8,0.1951,0.1503,0.0,0.6,3,0,False,False
171,frame_0169.jpg,67.6,0.1944,0.1807,0.0,0.52,3,0,False,False
172,frame_0082.jpg,32.8,0.1943,0.1165,0.0,0.68,2,0,False,False
173,frame_0214.jpg,85.6,0.193,0.1781,0.0,0.52,2,0,False,False
174,frame_0120.jpg,48.0,0.189,0.1699,0.0,0.52,3,0,False,False
175,frame_0170.jpg,68.0,0.1879,0.1837,0.0,0.48,4,0,False,False
176,frame_0168.jpg,67.2,0.1817,0.1393,0.0,0.56,5,0,False,False
177,frame_0282.jpg,112.8,0.1788,0.1656,0.0,0.48,2,0,False,False
178,frame_0213.jpg,85.2,0.1766,0.1292,0.0,0.56,1,0,False,False
179,frame_0300.jpg,120.0,0.1754,0.1587,0.0,0.48,2,0,False,False
180,frame_0172.jpg,68.8,0.1722,0.1843,0.0,0.4,3,0,False,False
181,frame_0094.jpg,37.6,0.1686,0.2573,0.0,0.2,3,0,False,False
182,frame_0091.jpg,36.4,0.167,0.206,0.0,0.32,1,0,False,False
183,frame_0201.jpg,80.4,0.1651,0.1062,0.0,0.56,1,0,False,False
184,frame_0322.jpg,128.8,0.1635,0.263,0.0,0.16,1,0,False,False
185,frame_0198.jpg,79.2,0.1629,0.1498,0.0,0.44,1,0,False,False
186,frame_0278.jpg,111.2,0.1624,0.1968,0.0,0.32,4,0,False,False
187,frame_0197.jpg,78.8,0.1606,0.1612,0.0,0.4,1,0,False,False
188,frame_0279.jpg,111.6,0.1597,0.1754,0.0,0.36,4,0,False,False
189,frame_0119.jpg,47.6,0.159,0.1259,0.0,0.48,3,0,False,False
190,frame_0086.jpg,34.4,0.158,0.108,0.0,0.52,2,0,False,False
191,frame_0301.jpg,120.4,0.1565,0.1369,0.0,0.44,5,0,False,False
192,frame_0171.jpg,68.4,0.1556,0.1352,0.0,0.44,1,0,False,False
193,frame_0215.jpg,86.0,0.1555,0.1191,0.0,0.48,3,0,False,False
194,frame_0088.jpg,35.2,0.1552,0.1345,0.0,0.44,2,0,False,False
195,frame_0116.jpg,46.4,0.1548,0.1657,0.0,0.36,3,0,False,False
196,frame_0185.jpg,74.0,0.1527,0.2735,0.0,0.08,2,0,False,False
197,frame_0089.jpg,35.6,0.1524,0.1447,0.0,0.4,4,0,False,False
198,frame_0303.jpg,121.2,0.1518,0.1596,0.0,0.36,4,0,False,False
199,frame_0093.jpg,37.2,0.1508,0.2056,0.0,0.24,1,0,False,False
200,frame_0275.jpg,110.0,0.1419,0.2038,0.0,0.2,4,0,False,False
201,frame_0384.jpg,153.6,0.1391,0.2141,0.0,0.16,3,0,False,False
202,frame_0385.jpg,154.0,0.1374,0.1947,0.0,0.2,2,0,False,False
203,frame_0175.jpg,70.0,0.1368,0.1615,0.0,0.28,3,0,False,False
204,frame_0222.jpg,88.8,0.1361,0.1921,0.0,0.2,2,0,False,False
205,frame_0319.jpg,127.6,0.1351,0.1582,0.0,0.28,3,0,False,False
206,frame_0305.jpg,122.0,0.1329,0.1537,0.0,0.28,4,0,False,False
207,frame_0321.jpg,128.4,0.1319,0.1837,0.0,0.2,4,0,False,False
208,frame_0396.jpg,158.4,0.1315,0.1989,0.0,0.16,3,0,False,False
209,frame_0092.jpg,36.8,0.1291,0.1462,0.0,0.28,1,0,False,False
210,frame_0389.jpg,155.6,0.1273,0.2067,0.0,0.12,3,0,False,False
211,frame_0307.jpg,122.8,0.127,0.1741,0.0,0.2,3,0,False,False
212,frame_0195.jpg,78.0,0.126,0.124,0.0,0.32,1,0,False,False
213,frame_0221.jpg,88.4,0.124,0.152,0.0,0.24,2,0,False,False
214,frame_0231.jpg,92.4,0.1234,0.1828,0.0,0.16,4,0,False,False
215,frame_0192.jpg,76.8,0.1182,0.1564,0.0,0.2,2,0,False,False
216,frame_0274.jpg,109.6,0.1178,0.1717,0.0,0.16,4,0,False,False
217,frame_0367.jpg,146.8,0.1174,0.2029,0.0,0.08,7,0,False,False
218,frame_0113.jpg,45.2,0.1167,0.1373,0.0,0.24,4,0,False,False
219,frame_0314.jpg,125.6,0.1166,0.2012,0.0,0.08,3,0,False,False
220,frame_0308.jpg,123.2,0.1145,0.1651,0.0,0.16,3,0,False,False
221,frame_0228.jpg,91.2,0.1127,0.2093,0.0,0.04,3,0,False,False
222,frame_0096.jpg,38.4,0.1124,0.1768,0.0,0.12,3,0,False,False
223,frame_0095.jpg,38.0,0.1115,0.1589,0.0,0.16,5,0,False,False
224,frame_0273.jpg,109.2,0.1111,0.1742,0.0,0.12,3,0,False,False
225,frame_0390.jpg,156.0,0.1109,0.1898,0.0,0.08,5,0,False,False
226,frame_0383.jpg,153.2,0.1108,0.1736,0.0,0.12,3,0,False,False
227,frame_0105.jpg,42.0,0.1096,0.1873,0.0,0.08,3,0,False,False
228,frame_0188.jpg,75.2,0.1083,0.2006,0.0,0.04,1,0,False,False
229,frame_0193.jpg,77.2,0.1061,0.1163,0.0,0.24,3,0,False,False
230,frame_0378.jpg,151.2,0.1058,0.1797,0.0,0.08,6,0,False,False
231,frame_0109.jpg,43.6,0.1055,0.1789,0.0,0.08,4,0,False,False
232,frame_0103.jpg,41.2,0.1047,0.1453,0.0,0.16,2,0,False,False
233,frame_0179.jpg,71.6,0.1045,0.161,0.0,0.12,3,0,False,False
234,frame_0379.jpg,151.6,0.1039,0.1918,0.0,0.04,4,0,False,False
235,frame_0267.jpg,106.8,0.1036,0.1593,0.0,0.12,3,0,False,False
236,frame_0268.jpg,107.2,0.1017,0.1713,0.0,0.08,3,0,False,False
237,frame_0381.jpg,152.4,0.1008,0.1856,0.0,0.04,4,0,False,False
238,frame_0100.jpg,40.0,0.1005,0.1849,0.0,0.04,2,0,False,False
239,frame_0189.jpg,75.6,0.0993,0.1665,0.0,0.08,3,0,False,False
240,frame_0110.jpg,44.0,0.098,0.1481,0.0,0.12,2,0,False,False
241,frame_0325.jpg,130.0,0.0977,0.1794,0.0,0.04,4,0,False,False
242,frame_0229.jpg,91.6,0.0975,0.163,0.0,0.08,2,0,False,False
243,frame_0371.jpg,148.4,0.0974,0.1629,0.0,0.08,3,0,False,False
244,frame_0368.jpg,147.2,0.0964,0.1768,0.0,0.04,7,0,False,False
245,frame_0186.jpg,74.4,0.0928,0.1697,0.0,0.04,4,0,False,False
246,frame_0098.jpg,39.2,0.0922,0.1684,0.0,0.04,3,0,False,False
247,frame_0191.jpg,76.4,0.089,0.114,0.0,0.16,2,0,False,False
248,frame_0190.jpg,76.0,0.0875,0.1271,0.0,0.12,2,0,False,False
249,frame_0309.jpg,123.6,0.085,0.122,0.0,0.12,2,0,False,False
250,frame_0311.jpg,124.4,0.0846,0.1532,0.0,0.04,1,0,False,False
251,frame_0181.jpg,72.4,0.0817,0.1473,0.0,0.04,2,0,False,False
252,frame_0272.jpg,108.8,0.0817,0.1314,0.0,0.08,2,0,False,False
253,frame_0382.jpg,152.8,0.0766,0.1212,0.0,0.08,1,0,False,False
254,frame_0310.jpg,124.0,0.0747,0.1175,0.0,0.08,2,0,False,False
255,frame_0370.jpg,148.0,0.0734,0.1308,0.0,0.04,3,0,False,False
256,frame_0108.jpg,43.2,0.0711,0.1263,0.0,0.04,3,0,False,False
